{
  "咨询订单": {
    "description": "用户询问订单状态、物流信息、发货时间、配送进度等",
    "examples": [
      "我的订单什么时候发货？",
      "订单号12345在哪里？",
      "能帮我查一下物流信息吗？",
      "我的快递到哪了？",
      "订单状态是什么？"
    ],
    "keywords": ["订单", "物流", "发货", "快递", "配送"]
  },
  "投诉延迟": {
    "description": "用户抱怨发货慢、配送延迟、等待时间过长等",
    "examples": [
      "为什么还没发货？已经3天了！",
      "怎么这么慢？等了一个星期了",
      "发货太慢了，能不能快点？",
      "订单一直没动静，什么情况？"
    ],
    "keywords": ["慢", "延迟", "等了", "还没", "太久"]
  },
  "申请退款": {
    "description": "用户要求退货退款、取消订单、申请售后等",
    "examples": [
      "我要退款",
      "这个商品不想要了，怎么退？",
      "可以申请退货退款吗？",
      "退款流程是什么？",
      "我想取消订单并退款"
    ],
    "keywords": ["退款", "退货", "取消", "不想要", "售后"]
  },
  "产品咨询": {
    "description": "用户询问产品功能、使用方法、规格参数等",
    "examples": [
      "这个产品怎么用？",
      "有什么颜色可以选？",
      "尺寸是多少？",
      "这个功能怎么操作？",
      "产品参数是什么？"
    ],
    "keywords": ["怎么用", "功能", "颜色", "尺寸", "参数"]
  },
  "售后服务": {
    "description": "用户询问售后政策、保修、维修等",
    "examples": [
      "有保修吗？",
      "售后服务怎么样？",
      "坏了可以修吗？",
      "保修期多久？",
      "售后联系方式是什么？"
    ],
    "keywords": ["保修", "售后", "维修", "坏了", "质量"]
  },
  "价格优惠": {
    "description": "用户询问价格、优惠活动、折扣等",
    "examples": [
      "有优惠吗？",
      "能便宜点吗？",
      "现在有活动吗？",
      "这个多少钱？",
      "有折扣吗？"
    ],
    "keywords": ["优惠", "便宜", "活动", "价格", "折扣"]
  },
  "库存查询": {
    "description": "用户询问商品库存、是否有货等",
    "examples": [
      "还有货吗？",
      "库存还有多少？",
      "什么时候补货？",
      "这个颜色有货吗？",
      "缺货了吗？"
    ],
    "keywords": ["有货", "库存", "补货", "缺货", "现货"]
  },
  "支付问题": {
    "description": "用户询问支付方式、支付失败、发票等",
    "examples": [
      "支持什么支付方式？",
      "支付失败怎么办？",
      "可以开发票吗？",
      "能用微信支付吗？",
      "支付遇到问题"
    ],
    "keywords": ["支付", "付款", "发票", "微信", "支付宝"]
  },
  "账号问题": {
    "description": "用户询问账号注册、登录、密码等",
    "examples": [
      "忘记密码了怎么办？",
      "怎么注册账号？",
      "登录不了",
      "账号被锁定了",
      "怎么修改密码？"
    ],
    "keywords": ["密码", "登录", "注册", "账号", "锁定"]
  },
  "投诉建议": {
    "description": "用户投诉服务、产品质量或提出建议",
    "examples": [
      "我要投诉",
      "服务态度太差了",
      "产品质量有问题",
      "建议改进一下",
      "体验不好"
    ],
    "keywords": ["投诉", "建议", "态度", "质量", "体验"]
  },
  "其他咨询": {
    "description": "其他未分类的咨询",
    "examples": [
      "你好",
      "在吗？",
      "客服",
      "帮帮忙",
      "有人吗？"
    ],
    "keywords": ["你好", "在吗", "客服", "帮忙"]
  }
}
